timestamp,symbol,action,volume,price,tp,sl,comment,ticket,profit
2025-08-11 01:02:27,XAUUSD,SELL,0.01,2019.29,2017.77,2020.77,Scalping Auto Trade,567017,0.0
2025-08-11 01:03:06,XAUUSD,BUY,0.01,2020.1,2655.0,2020.0,TP/SL Test Order,604079,0.0
2025-08-11 01:03:06,XAUUSD,SELL,0.01,2018.05,2017.95,2021.76,Scalping Auto Trade,479214,0.0
2025-08-11 01:07:41,XAUUSD,BUY,0.01,2019.28,2060.0,2019.18,TP/SL Integration Test,557858,0.0
2025-08-11 01:08:01,XAUUSD,BUY,0.01,2018.87,2021.99,2018.77,Scalping Auto Trade,726915,0.0
2025-08-11 01:11:00,XAUUSDm,SELL,0.01,3375.55,3368.39,3375.65,Scalping Auto Trade,995548,0.0
2025-08-11 01:13:34,XAUUSDm,SELL,0.01,3372.02,3371.92,3375.54,Scalping Auto Trade,513275,0.0
2025-08-11 01:18:29,XAUUSDm,SELL,0.01,3371.74,3370.62,3373.62,Scalping Auto Trade,446943,0.0
2025-08-11 01:19:17,XAUUSDm,SELL,0.01,3375.76,3371.52,3375.86,Scalping Auto Trade,840736,0.0
2025-08-11 01:19:55,XAUUSDm,BUY,0.01,3371.12,3572.49,3072.49,Scalping Auto Trade,470151,0.0
2025-08-11 01:21:01,XAUUSDm,BUY,0.01,3381.22,3443.775,3274.9625,Scalping Auto Trade,923767,0.0
2025-08-11 01:38:47,XAUUSDm,BUY,0.01,3377.22,3576.02,2976.02,Scalping Auto Trade,381422,0.0
2025-08-12 08:25:12,EURUSD,BUY,0,0,0,0,0,0,0,
2025-08-12 08:25:16,GBPUSD,BUY,0,0,0,0,0,0,0,
2025-08-12 08:25:20,USDJPY,BUY,0,0,0,0,0,0,0,
2025-08-12 08:25:39,EURUSD,SELL,0,0,0,0,0,0,0,
2025-08-12 08:25:43,GBPUSD,SELL,0,0,0,0,0,0,0,
2025-08-12 08:25:47,USDJPY,BUY,0,0,0,0,0,0,0,
2025-08-12 08:26:06,EURUSD,SELL,0,0,0,0,0,0,0,
2025-08-12 08:26:29,EURUSD,SELL,0,0,0,0,0,0,0,
2025-08-12 08:26:32,GBPUSD,SELL,0,0,0,0,0,0,0,
2025-08-12 08:26:36,USDJPY,SELL,0,0,0,0,0,0,0,
2025-08-12 08:26:57,GBPUSD,BUY,0,0,0,0,0,0,0,
2025-08-12 08:27:01,USDJPY,SELL,0,0,0,0,0,0,0,
2025-08-12 08:27:24,USDJPY,BUY,0,0,0,0,0,0,0,
2025-08-12 08:27:46,GBPUSD,BUY,0,0,0,0,0,0,0,
2025-08-12 08:28:07,EURUSD,SELL,0,0,0,0,0,0,0,
2025-08-12 08:28:11,GBPUSD,SELL,0,0,0,0,0,0,0,
2025-08-12 08:28:15,USDJPY,SELL,0,0,0,0,0,0,0,
2025-08-12 08:28:33,EURUSD,SELL,0,0,0,0,0,0,0,
2025-08-12 08:28:39,USDJPY,BUY,0,0,0,0,0,0,0,
2025-08-12 08:28:51,USDJPY,SELL,0,0,0,0,0,0,0,
2025-08-12 08:29:10,EURUSD,SELL,0,0,0,0,0,0,0,
2025-08-12 08:29:14,GBPUSD,BUY,0,0,0,0,0,0,0,
2025-08-12 08:29:37,GBPUSD,SELL,0,0,0,0,0,0,0,
2025-08-12 08:29:41,USDJPY,BUY,0,0,0,0,0,0,0,
2025-08-12 08:30:01,GBPUSD,BUY,0,0,0,0,0,0,0,
2025-08-12 08:30:27,USDJPY,BUY,0,0,0,0,0,0,0,
2025-08-12 08:30:46,EURUSD,BUY,0,0,0,0,0,0,0,
2025-08-12 08:30:49,GBPUSD,BUY,0,0,0,0,0,0,0,
2025-08-12 08:30:53,USDJPY,SELL,0,0,0,0,0,0,0,
2025-08-12 08:31:12,EURUSD,BUY,0,0,0,0,0,0,0,
2025-08-12 08:31:18,USDJPY,BUY,0,0,0,0,0,0,0,
2025-08-12 08:31:36,EURUSD,BUY,0,0,0,0,0,0,0,
2025-08-12 08:31:40,GBPUSD,SELL,0,0,0,0,0,0,0,
2025-08-12 08:32:00,EURUSD,SELL,0,0,0,0,0,0,0,
2025-08-12 08:32:04,GBPUSD,BUY,0,0,0,0,0,0,0,
2025-08-12 08:32:08,USDJPY,SELL,0,0,0,0,0,0,0,
2025-08-12 08:32:27,EURUSD,BUY,0,0,0,0,0,0,0,
2025-08-12 08:32:33,USDJPY,BUY,0,0,0,0,0,0,0,
2025-08-12 08:32:57,USDJPY,SELL,0,0,0,0,0,0,0,
2025-08-12 08:33:17,GBPUSD,BUY,0,0,0,0,0,0,0,
2025-08-12 08:33:38,EURUSD,BUY,0,0,0,0,0,0,0,
2025-08-12 08:33:44,USDJPY,SELL,0,0,0,0,0,0,0,
2025-08-12 08:34:03,EURUSD,BUY,0,0,0,0,0,0,0,
2025-08-12 08:34:09,USDJPY,SELL,0,0,0,0,0,0,0,
2025-08-12 08:35:11,EURUSD,SELL,0,0,0,0,0,0,0,
2025-08-12 08:35:15,GBPUSD,SELL,0,0,0,0,0,0,0,
2025-08-12 08:35:19,USDJPY,BUY,0,0,0,0,0,0,0,
2025-08-12 08:35:37,EURUSD,SELL,0,0,0,0,0,0,0,
2025-08-12 08:35:43,USDJPY,SELL,0,0,0,0,0,0,0,
2025-08-12 08:36:04,GBPUSD,BUY,0,0,0,0,0,0,0,
2025-08-12 08:36:08,USDJPY,BUY,0,0,0,0,0,0,0,
2025-08-12 08:36:31,USDJPY,BUY,0,0,0,0,0,0,0,
2025-08-12 08:36:52,GBPUSD,SELL,0,0,0,0,0,0,0,
2025-08-12 08:36:55,USDJPY,BUY,0,0,0,0,0,0,0,
2025-08-12 08:37:10,EURUSD,SELL,0,0,0,0,0,0,0,
2025-08-12 08:37:14,GBPUSD,SELL,0,0,0,0,0,0,0,
2025-08-12 08:37:17,USDJPY,SELL,0,0,0,0,0,0,0,
2025-08-12 08:37:38,GBPUSD,SELL,0,0,0,0,0,0,0,
2025-08-12 08:37:42,USDJPY,BUY,0,0,0,0,0,0,0,
2025-08-12 08:38:00,EURUSD,BUY,0,0,0,0,0,0,0,
2025-08-12 08:38:04,GBPUSD,BUY,0,0,0,0,0,0,0,
2025-08-12 08:38:24,EURUSD,SELL,0,0,0,0,0,0,0,
2025-08-12 08:38:30,USDJPY,SELL,0,0,0,0,0,0,0,
2025-08-12 08:38:49,EURUSD,BUY,0,0,0,0,0,0,0,
2025-08-12 08:38:54,USDJPY,BUY,0,0,0,0,0,0,0,
2025-08-12 08:39:13,EURUSD,BUY,0,0,0,0,0,0,0,
2025-08-12 08:39:16,GBPUSD,SELL,0,0,0,0,0,0,0,
2025-08-12 08:39:40,GBPUSD,SELL,0,0,0,0,0,0,0,
2025-08-12 08:40:00,EURUSD,BUY,0,0,0,0,0,0,0,
2025-08-12 08:40:04,GBPUSD,SELL,0,0,0,0,0,0,0,
2025-08-12 08:40:27,GBPUSD,SELL,0,0,0,0,0,0,0,
2025-08-12 08:40:48,EURUSD,BUY,0,0,0,0,0,0,0,
2025-08-12 08:40:52,GBPUSD,BUY,0,0,0,0,0,0,0,
2025-08-12 08:40:56,USDJPY,SELL,0,0,0,0,0,0,0,
2025-08-12 08:41:17,GBPUSD,BUY,0,0,0,0,0,0,0,
2025-08-12 08:41:40,GBPUSD,BUY,0,0,0,0,0,0,0,
2025-08-12 08:42:03,GBPUSD,SELL,0,0,0,0,0,0,0,
2025-08-12 08:42:24,EURUSD,BUY,0,0,0,0,0,0,0,
2025-08-12 08:42:28,GBPUSD,BUY,0,0,0,0,0,0,0,
2025-08-12 08:42:32,USDJPY,BUY,0,0,0,0,0,0,0,
2025-08-12 08:42:50,EURUSD,BUY,0,0,0,0,0,0,0,
2025-08-12 08:42:54,GBPUSD,BUY,0,0,0,0,0,0,0,
2025-08-12 08:43:15,EURUSD,BUY,0,0,0,0,0,0,0,
2025-08-12 08:43:19,GBPUSD,BUY,0,0,0,0,0,0,0,
2025-08-12 08:43:22,USDJPY,SELL,0,0,0,0,0,0,0,
2025-08-12 08:43:41,EURUSD,BUY,0,0,0,0,0,0,0,
2025-08-12 08:43:44,GBPUSD,BUY,0,0,0,0,0,0,0,
2025-08-12 08:43:48,USDJPY,BUY,0,0,0,0,0,0,0,
2025-08-12 08:44:07,EURUSD,BUY,0,0,0,0,0,0,0,
2025-08-12 08:44:10,GBPUSD,SELL,0,0,0,0,0,0,0,
2025-08-12 08:44:31,EURUSD,BUY,0,0,0,0,0,0,0,
2025-08-12 08:44:54,EURUSD,BUY,0,0,0,0,0,0,0,
2025-08-12 08:44:58,GBPUSD,BUY,0,0,0,0,0,0,0,
2025-08-12 08:45:01,USDJPY,BUY,0,0,0,0,0,0,0,
2025-08-12 08:45:23,GBPUSD,BUY,0,0,0,0,0,0,0,
2025-08-12 08:45:26,USDJPY,SELL,0,0,0,0,0,0,0,
2025-08-12 08:45:45,EURUSD,BUY,0,0,0,0,0,0,0,
2025-08-12 08:45:48,GBPUSD,BUY,0,0,0,0,0,0,0,
2025-08-12 08:45:52,USDJPY,BUY,0,0,0,0,0,0,0,
2025-08-12 08:46:11,EURUSD,BUY,0,0,0,0,0,0,0,
2025-08-12 08:46:14,GBPUSD,SELL,0,0,0,0,0,0,0,
2025-08-12 08:46:18,USDJPY,BUY,0,0,0,0,0,0,0,
2025-08-12 08:46:37,EURUSD,SELL,0,0,0,0,0,0,0,
2025-08-12 08:47:00,EURUSD,BUY,0,0,0,0,0,0,0,
2025-08-12 08:52:24,GBPUSD,BUY,0.01,1.26335,0,0,884640,884640,10009,
2025-08-12 08:52:27,USDJPY,BUY,0.01,149.557,0,0,236647,236647,10009,
2025-08-12 08:52:46,EURUSD,BUY,0.01,1.08598,0,0,336712,336712,10009,
2025-08-12 08:52:52,USDJPY,BUY,0.01,149.607,0,0,966000,966000,10009,
2025-08-12 08:53:10,EURUSD,BUY,0.01,1.08598,0,0,898353,898353,10009,
2025-08-12 08:53:14,GBPUSD,BUY,0.01,1.26291,0,0,252514,252514,10009,
2025-08-12 08:53:18,USDJPY,BUY,0.01,149.585,0,0,332672,332672,10009,
2025-08-12 08:53:36,EURUSD,BUY,0.01,1.08461,0,0,254131,254131,10009,
2025-08-12 08:53:40,GBPUSD,BUY,0.01,1.26257,0,0,954012,954012,10009,
2025-08-12 08:53:44,USDJPY,BUY,0.01,149.859,0,0,271798,271798,10009,
2025-08-12 08:54:02,EURUSD,BUY,0.01,1.08309,0,0,837376,837376,10009,
2025-08-12 08:54:06,GBPUSD,BUY,0.01,1.26281,0,0,431135,431135,10009,
2025-08-12 08:54:10,USDJPY,BUY,0.01,150.066,0,0,878499,878499,10009,
2025-08-12 08:54:28,EURUSD,BUY,0.01,1.08313,0,0,934099,934099,10009,
2025-08-12 08:54:32,GBPUSD,BUY,0.01,1.26314,0,0,263382,263382,10009,
2025-08-12 08:54:36,USDJPY,BUY,0.01,149.781,0,0,463079,463079,10009,
2025-08-12 08:54:57,GBPUSD,SELL,0.01,1.26391,0,0,569251,569251,10009,
2025-08-12 08:55:21,GBPUSD,SELL,0.01,1.26277,0,0,432750,432750,10009,
2025-08-12 08:55:24,USDJPY,SELL,0.01,149.858,0,0,947397,947397,10009,
2025-08-12 08:55:43,EURUSD,SELL,0.01,1.08593,0,0,789181,789181,10009,
2025-08-12 08:55:46,GBPUSD,BUY,0.01,1.26231,0,0,505249,505249,10009,
2025-08-12 08:56:07,EURUSD,SELL,0.01,1.08588,0,0,270879,270879,10009,
2025-08-12 08:56:11,GBPUSD,BUY,0.01,1.26161,0,0,532598,532598,10009,
2025-08-12 08:56:14,USDJPY,SELL,0.01,149.967,0,0,906059,906059,10009,
2025-08-12 08:56:33,EURUSD,SELL,0.01,1.08549,0,0,427020,427020,10009,
2025-08-12 08:56:39,USDJPY,BUY,0.01,149.972,0,0,429973,429973,10009,
2025-08-12 08:56:58,EURUSD,SELL,0.01,1.08581,0,0,398464,398464,10009,
2025-08-12 08:57:01,GBPUSD,BUY,0.01,1.26225,0,0,755980,755980,10009,
2025-08-12 08:57:05,USDJPY,SELL,0.01,149.8,0,0,975541,975541,10009,
2025-08-12 08:57:33,EURUSD,BUY,0.01,1.08512,0,0,115512,115512,10009,
2025-08-12 08:57:39,USDJPY,SELL,0.01,149.705,0,0,887937,887937,10009,
2025-08-12 08:58:00,GBPUSD,SELL,0.01,1.26362,0,0,924848,924848,10009,
2025-08-12 08:58:04,USDJPY,BUY,0.01,149.43,0,0,471163,471163,10009,
2025-08-12 08:58:25,GBPUSD,BUY,0.01,1.26282,0,0,135209,135209,10009,
2025-08-12 08:58:28,USDJPY,BUY,0.01,149.182,0,0,303061,303061,10009,
2025-08-12 08:58:47,EURUSD,SELL,0.01,1.08351,0,0,642127,642127,10009,
2025-08-12 08:58:50,GBPUSD,BUY,0.01,1.26353,0,0,696276,696276,10009,
2025-08-12 08:58:54,USDJPY,BUY,0.01,149.293,0,0,328857,328857,10009,
2025-08-12 08:59:15,GBPUSD,BUY,0.01,1.26253,0,0,705760,705760,10009,
2025-08-12 08:59:36,EURUSD,SELL,0.01,1.08414,0,0,909620,909620,10009,
2025-08-12 08:59:39,GBPUSD,BUY,0.01,1.26409,0,0,745119,745119,10009,
2025-08-12 08:59:43,USDJPY,SELL,0.01,149.286,0,0,382087,382087,10009,
2025-08-12 09:00:01,EURUSD,SELL,0.01,1.08647,0,0,627707,627707,10009,
2025-08-12 09:00:05,GBPUSD,BUY,0.01,1.26406,0,0,715681,715681,10009,
2025-08-12 09:00:09,USDJPY,BUY,0.01,149.188,0,0,632706,632706,10009,
2025-08-12 09:00:30,GBPUSD,BUY,0.01,1.2633,0,0,370337,370337,10009,
2025-08-12 09:00:33,USDJPY,BUY,0.01,148.949,0,0,350676,350676,10009,
2025-08-12 09:00:54,GBPUSD,BUY,0.01,1.26271,0,0,219499,219499,10009,
2025-08-12 09:01:15,EURUSD,BUY,0.01,1.08671,0,0,434656,434656,10009,
2025-08-12 09:01:19,GBPUSD,SELL,0.01,1.26261,0,0,195209,195209,10009,
2025-08-12 09:01:22,USDJPY,BUY,0.01,149.22,0,0,442249,442249,10009,
2025-08-12 09:01:41,EURUSD,BUY,0.01,1.08422,0,0,509907,509907,10009,
2025-08-12 09:01:45,GBPUSD,SELL,0.01,1.26009,0,0,909547,909547,10009,
2025-08-12 09:02:06,EURUSD,SELL,0.01,1.08555,0,0,400972,400972,10009,
2025-08-12 09:02:12,USDJPY,BUY,0.01,149.369,0,0,652159,652159,10009,
2025-08-12 09:02:32,GBPUSD,SELL,0.01,1.25605,0,0,644088,644088,10009,
2025-08-12 09:02:36,USDJPY,BUY,0.01,149.676,0,0,499069,499069,10009,
2025-08-12 09:03:00,USDJPY,BUY,0.01,149.353,0,0,488950,488950,10009,
2025-08-12 09:03:23,USDJPY,SELL,0.01,149.374,0,0,309239,309239,10009,
2025-08-12 09:03:41,EURUSD,BUY,0.01,1.0866,0,0,758804,758804,10009,
2025-08-12 09:03:48,USDJPY,SELL,0.01,149.275,0,0,253722,253722,10009,
2025-08-12 09:04:09,GBPUSD,SELL,0.01,1.25281,0,0,491606,491606,10009,
2025-08-12 09:04:12,USDJPY,BUY,0.01,148.883,0,0,822492,822492,10009,
2025-08-12 09:04:33,GBPUSD,SELL,0.01,1.2508,0,0,601987,601987,10009,
2025-08-12 09:04:59,USDJPY,BUY,0.01,148.831,0,0,794117,794117,10009,
2025-08-12 09:05:22,USDJPY,BUY,0.01,148.968,0,0,773530,773530,10009,
2025-08-12 09:05:41,EURUSD,BUY,0.01,1.08858,0,0,401910,401910,10009,
2025-08-12 09:05:44,GBPUSD,BUY,0.01,1.2496,0,0,632794,632794,10009,
2025-08-12 09:06:05,EURUSD,SELL,0.01,1.08473,0,0,137901,137901,10009,
2025-08-12 09:06:09,GBPUSD,SELL,0.01,1.25193,0,0,551184,551184,10009,
2025-08-12 09:06:13,USDJPY,SELL,0.01,149.028,0,0,251470,251470,10009,
2025-08-12 09:06:33,GBPUSD,SELL,0.01,1.25469,0,0,286403,286403,10009,
2025-08-12 09:06:55,EURUSD,SELL,0.01,1.08524,0,0,548998,548998,10009,
2025-08-12 09:07:01,USDJPY,BUY,0.01,149.574,0,0,339484,339484,10009,
2025-08-12 09:07:20,EURUSD,BUY,0.01,1.08533,0,0,580008,580008,10009,
2025-08-12 09:07:24,GBPUSD,BUY,0.01,1.26365,0,0,525419,525419,10009,
2025-08-12 09:07:44,EURUSD,SELL,0.01,1.08369,0,0,939667,939667,10009,
2025-08-12 09:07:50,USDJPY,BUY,0.01,149.535,0,0,764989,764989,10009,
2025-08-12 09:08:03,EURUSD,BUY,0.01,1.08524,0,0,831463,831463,10009,
2025-08-12 17:30:16,XAUUSDm,SELL,0.01,3349.009,0,0,2307978253,1934943684,10009,Enhanced Scalpin
2025-08-12 17:30:30,XAUUSDm,SELL,0.01,3349.167,0,0,2307979105,1934944480,10009,Enhanced Scalpin
2025-08-12 17:30:44,XAUUSDm,SELL,0.01,3349.255,0,0,2307979588,1934944901,10009,Enhanced Scalpin
2025-08-12 17:30:58,XAUUSDm,SELL,0.01,3349.193,0,0,2307980441,1934945738,10009,Enhanced Scalpin
2025-08-12 17:32:08,XAUUSDm,BUY,0.01,3350.197,0,0,2307987480,1934952673,10009,Enhanced Scalpin
2025-08-12 17:32:23,XAUUSDm,SELL,0.01,3349.707,0,0,2307988041,1934953159,10009,Enhanced Scalpin
2025-08-12 17:32:37,XAUUSDm,SELL,0.01,3349.515,0,0,2307988467,1934953575,10009,Enhanced Scalpin
2025-08-12 17:32:51,XAUUSDm,SELL,0.01,3349.504,0,0,2307989040,1934954094,10009,Enhanced Scalpin
2025-08-12 17:33:05,XAUUSDm,BUY,0.01,3349.672,0,0,2307989859,1934954863,10009,Enhanced Scalpin
2025-08-12 17:34:08,XAUUSDm,SELL,0.01,3349.389,0,0,2307993135,1934957933,10009,Enhanced Scalpin
2025-08-12 17:34:22,XAUUSDm,SELL,0.01,3349.361,0,0,2307993607,1934958366,10009,Enhanced Scalpin
2025-08-12 17:34:36,XAUUSDm,SELL,0.01,3348.9990000000003,0,0,2307994362,1934959075,10009,Enhanced Scalpin
2025-08-12 17:34:50,XAUUSDm,SELL,0.01,3349.121,0,0,2307994840,1934959500,10009,Enhanced Scalpin
2025-08-12 17:35:04,XAUUSDm,BUY,0.01,3349.256,0,0,2307995752,1934960326,10009,Enhanced Scalpin
2025-08-12 17:43:10,XAUUSDm,BUY,0.01,3347.052,0,0,2308033891,1934997001,10009,Enhanced Scalpin
2025-08-12 17:43:24,XAUUSDm,BUY,0.01,3346.957,0,0,2308034868,1934997894,10009,Enhanced Scalpin
2025-08-12 17:45:05,XAUUSDm,SELL,0.01,3345.096,0,0,2308042781,1935005713,10009,Enhanced Scalpin
2025-08-12 17:45:19,XAUUSDm,SELL,0.01,3345.333,0,0,2308044056,1935006919,10009,Enhanced Scalpin
2025-08-12 17:45:34,XAUUSDm,SELL,0.01,3344.811,0,0,2308045229,1935008064,10009,Enhanced Scalpin
2025-08-12 17:46:01,XAUUSDm,SELL,0.01,3345.335,0,0,2308047349,1935010039,10009,Enhanced Scalpin
2025-08-12 17:46:17,XAUUSDm,SELL,0.01,3345.876,0,0,2308048721,1935011374,10009,Enhanced Scalpin
2025-08-12 17:46:32,XAUUSDm,SELL,0.01,3345.858,0,0,2308049291,1935011890,10009,Enhanced Scalpin
2025-08-12 17:47:10,XAUUSDm,SELL,0.01,3345.826,0,0,2308051340,1935013802,10009,Enhanced Scalpin
2025-08-12 17:47:26,XAUUSDm,BUY,0.01,3346.595,0,0,2308052610,1935015094,10009,Enhanced Scalpin
2025-08-12 17:47:41,XAUUSDm,SELL,0.01,3345.87,0,0,2308053307,1935015713,10009,Enhanced Scalpin
2025-08-12 17:48:08,XAUUSDm,SELL,0.01,3346.031,0,0,2308054490,1935016787,10009,Enhanced Scalpin
2025-08-12 17:48:23,XAUUSDm,SELL,0.01,3345.4610000000002,0,0,2308055496,1935017755,10009,Enhanced Scalpin
2025-08-12 17:48:38,XAUUSDm,SELL,0.01,3345.193,0,0,2308056111,1935018355,10009,Enhanced Scalpin
2025-08-12 17:48:53,XAUUSDm,SELL,0.01,3345.096,0,0,2308056797,1935018959,10009,Enhanced Scalpin
2025-08-12 17:49:09,XAUUSDm,SELL,0.01,3345.067,0,0,2308058026,1935020130,10009,Enhanced Scalpin
2025-08-12 17:49:24,XAUUSDm,SELL,0.01,3344.426,0,0,2308060331,1935022528,10009,Enhanced Scalpin
2025-08-12 17:49:39,XAUUSDm,SELL,0.01,3344.322,0,0,2308062878,1935025209,10009,Enhanced Scalpin
2025-08-12 17:50:06,XAUUSDm,SELL,0.01,3345.196,0,0,2308065129,1935027376,10009,Enhanced Scalpin
2025-08-12 17:50:21,XAUUSDm,BUY,0.01,3346.536,0,0,2308067308,1935029518,10009,Enhanced Scalpin
2025-08-12 17:51:10,XAUUSDm,SELL,0.01,3346.007,0,0,2308070309,1935032346,10009,Enhanced Scalpin
2025-08-12 17:51:25,XAUUSDm,SELL,0.01,3345.2780000000002,0,0,2308071551,1935033577,10009,Enhanced Scalpin
2025-08-12 17:51:40,XAUUSDm,SELL,0.01,3345.773,0,0,2308072471,1935034446,10009,Enhanced Scalpin
2025-08-12 17:52:07,XAUUSDm,SELL,0.01,3345.759,0,0,2308074133,1935035965,10009,Enhanced Scalpin
2025-08-12 17:52:22,XAUUSDm,SELL,0.01,3345.65,0,0,2308074711,1935036497,10009,Enhanced Scalpin
2025-08-12 17:52:37,XAUUSDm,SELL,0.01,3345.748,0,0,2308075313,1935037052,10009,Enhanced Scalpin
2025-08-12 17:53:04,XAUUSDm,SELL,0.01,3345.603,0,0,2308076388,1935038002,10009,Enhanced Scalpin
2025-08-12 17:53:19,XAUUSDm,SELL,0.01,3345.678,0,0,2308076854,1935038423,10009,Enhanced Scalpin
2025-08-12 17:53:34,XAUUSDm,SELL,0.01,3345.539,0,0,2308077415,1935038946,10009,Enhanced Scalpin
2025-08-12 17:53:50,XAUUSDm,BUY,0.01,3346.029,0,0,2308078139,1935039601,10009,Enhanced Scalpin
2025-08-12 17:54:05,XAUUSDm,BUY,0.01,3345.845,0,0,2308078736,1935040121,10009,Enhanced Scalpin
2025-08-12 17:54:20,XAUUSDm,BUY,0.01,3346.052,0,0,2308079280,1935040589,10009,Enhanced Scalpin
2025-08-12 17:54:36,XAUUSDm,BUY,0.01,3346.218,0,0,2308080233,1935041492,10009,Enhanced Scalpin
2025-08-12 17:54:51,XAUUSDm,BUY,0.01,3346.316,0,0,2308081036,1935042268,10009,Enhanced Scalpin
2025-08-12 17:55:06,XAUUSDm,BUY,0.01,3346.383,0,0,2308082354,1935043474,10009,Enhanced Scalpin
2025-08-12 17:55:21,XAUUSDm,SELL,0.01,3345.995,0,0,2308083159,1935044203,10009,Enhanced Scalpin
2025-08-12 19:09:21,XAUUSDm,SELL,0.01,3345.856,0,0,2308456692,1935382910,10009,Enhanced Scalpin
2025-08-12 19:09:35,XAUUSDm,SELL,0.01,3345.847,0,0,2308457403,1935383448,10009,Enhanced Scalpin
2025-08-12 19:09:50,XAUUSDm,SELL,0.01,3345.326,0,0,2308458365,1935384305,10009,Enhanced Scalpin
2025-08-12 19:10:18,XAUUSDm,SELL,0.01,3344.6510000000003,0,0,2308462204,1935387653,10009,Enhanced Scalpin
2025-08-12 19:11:07,XAUUSDm,BUY,0.01,3345.755,0,0,2308466366,1935391049,10009,Enhanced Scalpin
2025-08-12 19:11:22,XAUUSDm,BUY,0.01,3345.645,0,0,2308467412,1935391787,10009,Enhanced Scalpin
2025-08-12 19:11:50,XAUUSDm,BUY,0.01,3345.774,0,0,2308468146,1935392291,10009,Enhanced Scalpin
2025-08-12 19:12:07,XAUUSDm,SELL,0.01,3344.967,0,0,2308470379,1935394066,10009,Enhanced Scalpin
2025-08-12 19:12:22,XAUUSDm,BUY,0.01,3345.161,0,0,2308471165,1935394604,10009,Enhanced Scalpin
2025-08-12 19:26:32,XAUUSDm,SELL,0.01,3340.217,0,0,2308550118,1935460811,10009,Enhanced Scalpin
2025-08-12 19:26:46,XAUUSDm,SELL,0.01,3339.567,0,0,2308551363,1935461826,10009,Enhanced Scalpin
2025-08-12 19:27:00,XAUUSDm,SELL,0.01,3339.945,0,0,2308552661,1935462843,10009,Enhanced Scalpin
2025-08-12 19:27:14,XAUUSDm,SELL,0.01,3339.505,0,0,2308555108,1935465136,10009,Enhanced Scalpin
2025-08-12 19:27:29,XAUUSDm,SELL,0.01,3338.705,0,0,2308556939,1935466667,10009,Enhanced Scalpin
2025-08-12 19:27:44,XAUUSDm,SELL,0.01,3339.127,0,0,2308558928,1935468363,10009,Enhanced Scalpin
2025-08-12 19:28:00,XAUUSDm,BUY,0.01,3339.96,0,0,2308560584,1935469618,10009,Enhanced Scalpin
2025-08-12 19:28:15,XAUUSDm,BUY,0.01,3340.264,0,0,2308562300,1935471041,10009,Enhanced Scalpin
2025-08-12 19:28:30,XAUUSDm,SELL,0.01,3340.752,0,0,2308564121,1935472515,10009,Enhanced Scalpin
2025-08-12 19:28:45,XAUUSDm,BUY,0.01,3341.334,0,0,2308566071,1935474037,10009,Enhanced Scalpin
2025-08-12 19:29:00,XAUUSDm,SELL,0.01,3340.893,0,0,2308567291,1935474925,10009,Enhanced Scalpin
2025-08-12 19:29:14,XAUUSDm,SELL,0.01,3340.9880000000003,0,0,2308568775,1935476050,10009,Enhanced Scalpin
2025-08-12 19:29:30,XAUUSDm,SELL,0.01,3341.389,0,0,2308571310,1935478151,10009,Enhanced Scalpin
2025-08-12 19:29:44,XAUUSDm,SELL,0.01,3339.971,0,0,2308573405,1935479882,10009,Enhanced Scalpin
2025-08-12 19:30:11,XAUUSDm,BUY,0.01,3352.901,0,0,2308586297,1935495482,10009,Enhanced Scalpin
2025-08-12 19:31:00,XAUUSDm,BUY,0.01,3350.2909999999997,0,0,2308616483,1935524045,10009,Enhanced Scalpin
2025-08-12 19:31:14,XAUUSDm,BUY,0.01,3353.339,0,0,2308623168,1935530113,10009,Enhanced Scalpin
2025-08-12 19:32:03,XAUUSDm,BUY,0.01,3350.644,0,0,2308641409,1935547334,10009,Enhanced Scalpin
2025-08-12 19:32:17,XAUUSDm,BUY,0.01,3349.864,0,0,2308647875,1935553844,10009,Enhanced Scalpin
2025-08-12 19:32:32,XAUUSDm,BUY,0.01,3350.4449999999997,0,0,2308652784,1935558630,10009,Enhanced Scalpin
2025-08-12 19:32:48,XAUUSDm,BUY,0.01,3352.283,0,0,2308658019,1935563857,10009,Enhanced Scalpin
2025-08-12 19:33:03,XAUUSDm,BUY,0.01,3351.478,0,0,2308662827,1935568591,10009,Enhanced Scalpin
2025-08-12 19:34:03,XAUUSDm,BUY,0.01,3348.564,0,0,2308681985,1935587560,10009,Enhanced Scalpin
2025-08-12 19:35:03,XAUUSDm,BUY,0.01,3349.417,0,0,2308703110,1935608517,10009,Enhanced Scalpin
2025-08-12 19:35:18,XAUUSDm,BUY,0.01,3349.238,0,0,2308707612,1935612939,10009,Enhanced Scalpin
2025-08-12 19:36:07,XAUUSDm,BUY,0.01,3348.143,0,0,2308720141,1935625234,10009,Enhanced Scalpin
2025-08-12 19:36:22,XAUUSDm,SELL,0.01,3346.852,0,0,2308724617,1935629705,10009,Enhanced Scalpin
2025-08-12 19:36:36,XAUUSDm,BUY,0.01,3345.437,0,0,2308731040,1935636319,10009,Enhanced Scalpin
2025-08-12 19:36:51,XAUUSDm,BUY,0.01,3345.5409999999997,0,0,2308735997,1935641177,10009,Enhanced Scalpin
2025-08-12 19:37:06,XAUUSDm,BUY,0.01,3347.219,0,0,2308741450,1935646636,10009,Enhanced Scalpin
2025-08-12 19:37:21,XAUUSDm,BUY,0.01,3347.191,0,0,2308744779,1935649863,10009,Enhanced Scalpin
2025-08-12 19:37:47,XAUUSDm,BUY,0.01,3346.051,0,0,2308749968,1935654949,10009,Enhanced Scalpin
2025-08-12 19:38:02,XAUUSDm,BUY,0.01,3346.602,0,0,2308753154,1935658041,10009,Enhanced Scalpin
2025-08-12 19:38:17,XAUUSDm,SELL,0.01,3345.627,0,0,2308755550,1935660408,10009,Enhanced Scalpin
2025-08-12 19:38:32,XAUUSDm,SELL,0.01,3344.149,0,0,2308759591,1935664572,10009,Enhanced Scalpin
2025-08-12 19:38:47,XAUUSDm,SELL,0.01,3345.515,0,0,2308763079,1935667974,10009,Enhanced Scalpin
2025-08-12 19:39:02,XAUUSDm,BUY,0.01,3346.065,0,0,2308765734,1935670530,10009,Enhanced Scalpin
2025-08-12 19:39:17,XAUUSDm,BUY,0.01,3348.351,0,0,2308771492,1935676368,10009,Enhanced Scalpin
2025-08-12 19:39:32,XAUUSDm,BUY,0.01,3348.27,0,0,2308774244,1935679039,10009,Enhanced Scalpin
2025-08-12 19:40:09,XAUUSDm,SELL,0.01,3346.969,0,0,2308781079,1935685788,10009,Enhanced Scalpin
2025-08-12 19:40:24,XAUUSDm,BUY,0.01,3347.241,0,0,2308783580,1935688153,10009,Enhanced Scalpin
2025-08-12 20:00:02,XAUUSDm,SELL,0.01,3349.746,0,0,2309048545,1935950047,10009,Enhanced Scalpin
2025-08-12 20:00:16,XAUUSDm,SELL,0.01,3349.562,0,0,2309051601,1935953038,10009,Enhanced Scalpin
2025-08-12 20:00:31,XAUUSDm,BUY,0.01,3351.4809999999998,0,0,2309054727,1935956220,10009,Enhanced Scalpin
2025-08-12 20:01:09,XAUUSDm,SELL,0.01,3353.439,0,0,2309065847,1935967323,10009,Enhanced Scalpin
2025-08-12 20:01:24,XAUUSDm,SELL,0.01,3352.0370000000003,0,0,2309068757,1935970173,10009,Enhanced Scalpin
2025-08-12 20:01:40,XAUUSDm,SELL,0.01,3351.406,0,0,2309071717,1935973124,10009,Enhanced Scalpin
2025-08-12 20:01:54,XAUUSDm,SELL,0.01,3350.791,0,0,2309074154,1935975504,10009,Enhanced Scalpin
2025-08-12 20:02:09,XAUUSDm,SELL,0.01,3350.741,0,0,2309077051,1935978291,10009,Enhanced Scalpin
2025-08-12 20:02:24,XAUUSDm,BUY,0.01,3351.345,0,0,2309079102,1935980267,10009,Enhanced Scalpin
2025-08-12 20:02:39,XAUUSDm,SELL,0.01,3350.631,0,0,2309080774,1935981890,10009,Enhanced Scalpin
2025-08-12 20:02:53,XAUUSDm,SELL,0.01,3349.37,0,0,2309084698,1935985834,10009,Enhanced Scalpin
2025-08-12 20:03:08,XAUUSDm,SELL,0.01,3350.41,0,0,2309087015,1935988121,10009,Enhanced Scalpin
2025-08-12 20:03:23,XAUUSDm,SELL,0.01,3350.1800000000003,0,0,2309088949,1935990004,10009,Enhanced Scalpin
2025-08-12 20:03:37,XAUUSDm,SELL,0.01,3350.453,0,0,2309090392,1935991409,10009,Enhanced Scalpin
2025-08-12 20:03:52,XAUUSDm,SELL,0.01,3350.123,0,0,2309092415,1935993382,10009,Enhanced Scalpin
2025-08-12 20:04:07,XAUUSDm,SELL,0.01,3350.071,0,0,2309094306,1935995194,10009,Enhanced Scalpin
2025-08-12 20:04:22,XAUUSDm,SELL,0.01,3350.097,0,0,2309095719,1935996531,10009,Enhanced Scalpin
2025-08-12 20:04:36,XAUUSDm,BUY,0.01,3351.304,0,0,2309098519,1935999259,10009,Enhanced Scalpin
2025-08-12 20:04:51,XAUUSDm,BUY,0.01,3351.514,0,0,2309100963,1936001664,10009,Enhanced Scalpin
2025-08-12 20:05:06,XAUUSDm,BUY,0.01,3352.036,0,0,2309104735,1936005544,10009,Enhanced Scalpin
2025-08-12 20:05:21,XAUUSDm,SELL,0.01,3350.343,0,0,2309108158,1936008910,10009,Enhanced Scalpin
2025-08-12 20:05:36,XAUUSDm,SELL,0.01,3349.9030000000002,0,0,2309110839,1936011574,10009,Enhanced Scalpin
2025-08-12 20:05:50,XAUUSDm,SELL,0.01,3350.042,0,0,2309113352,1936014030,10009,Enhanced Scalpin
2025-08-12 20:06:05,XAUUSDm,SELL,0.01,3348.844,0,0,2309116771,1936017378,10009,Enhanced Scalpin
2025-08-12 20:06:19,XAUUSDm,SELL,0.01,3349.257,0,0,2309119385,1936019899,10009,Enhanced Scalpin
2025-08-12 20:06:34,XAUUSDm,SELL,0.01,3347.77,0,0,2309123858,1936024417,10009,Enhanced Scalpin
2025-08-12 20:06:49,XAUUSDm,SELL,0.01,3347.7090000000003,0,0,2309128758,1936029347,10009,Enhanced Scalpin
2025-08-12 20:07:18,XAUUSDm,BUY,0.01,3348.653,0,0,2309135807,1936036355,10009,Enhanced Scalpin
2025-08-12 20:08:27,XAUUSDm,SELL,0.01,3348.608,0,0,2309148082,1936048356,10009,Enhanced Scalpin
2025-08-12 20:08:41,XAUUSDm,SELL,0.01,3347.924,0,0,2309150051,1936050223,10009,Enhanced Scalpin
2025-08-12 20:09:22,XAUUSDm,SELL,0.01,3347.7690000000002,0,0,2309154960,1936055000,10009,Enhanced Scalpin
2025-08-12 20:09:37,XAUUSDm,SELL,0.01,3347.951,0,0,2309156644,1936056568,10009,Enhanced Scalpin
2025-08-12 20:09:52,XAUUSDm,SELL,0.01,3347.853,0,0,2309158488,1936058325,10009,Enhanced Scalpin
2025-08-12 20:10:07,XAUUSDm,SELL,0.01,3348.4320000000002,0,0,2309160857,1936060617,10009,Enhanced Scalpin
2025-08-12 20:10:22,XAUUSDm,SELL,0.01,3348.065,0,0,2309162881,1936062572,10009,Enhanced Scalpin
2025-08-12 20:12:04,XAUUSDm,SELL,0.01,3344.328,0,0,2309186113,1936085776,10009,Enhanced Scalpin
2025-08-12 20:12:19,XAUUSDm,SELL,0.01,3343.506,0,0,2309190700,1936090513,10009,Enhanced Scalpin
2025-08-12 20:12:34,XAUUSDm,SELL,0.01,3344.369,0,0,2309193242,1936092956,10009,Enhanced Scalpin
2025-08-12 20:13:01,XAUUSDm,SELL,0.01,3343.5170000000003,0,0,2309198935,1936098577,10009,Enhanced Scalpin
2025-08-12 20:13:17,XAUUSDm,BUY,0.01,3343.082,0,0,2309201582,1936101197,10009,Enhanced Scalpin
2025-08-12 20:13:32,XAUUSDm,BUY,0.01,3343.487,0,0,2309203292,1936102807,10009,Enhanced Scalpin
2025-08-12 20:15:00,XAUUSDm,SELL,0.01,3343.938,0,0,2309212737,1936111685,10009,Enhanced Scalpin
2025-08-12 20:15:15,XAUUSDm,BUY,0.01,3345.68,0,0,2309215701,1936114622,10009,Enhanced Scalpin
2025-08-12 20:15:30,XAUUSDm,BUY,0.01,3345.48,0,0,2309218195,1936117013,10009,Enhanced Scalpin
2025-08-12 20:15:45,XAUUSDm,BUY,0.01,3345.111,0,0,2309220073,1936118802,10009,Enhanced Scalpin
2025-08-12 20:15:59,XAUUSDm,BUY,0.01,3345.56,0,0,2309221525,1936120204,10009,Enhanced Scalpin
2025-08-12 20:16:13,XAUUSDm,BUY,0.01,3346.801,0,0,2309224951,1936123534,10009,Enhanced Scalpin
2025-08-12 20:16:28,XAUUSDm,BUY,0.01,3347.6949999999997,0,0,2309228923,1936127546,10009,Enhanced Scalpin
2025-08-12 20:16:43,XAUUSDm,BUY,0.01,3347.71,0,0,2309230843,1936129407,10009,Enhanced Scalpin
2025-08-12 20:16:58,XAUUSDm,BUY,0.01,3347.956,0,0,2309234003,1936132487,10009,Enhanced Scalpin
2025-08-12 14:15:33,EURUSD,BUY,0.01,1.08538,0,0,897255,897255,10009,
2025-08-12 14:15:37,GBPUSD,BUY,0.01,1.26485,0,0,577935,577935,10009,
2025-08-12 14:15:40,USDJPY,SELL,0.01,149.525,0,0,153515,153515,10009,
2025-08-12 14:15:58,EURUSD,BUY,0.01,1.08572,0,0,247488,247488,10009,
2025-08-12 14:16:02,GBPUSD,BUY,0.01,1.26672,0,0,835935,835935,10009,
2025-08-12 14:16:22,EURUSD,SELL,0.01,1.08611,0,0,324474,324474,10009,
2025-08-12 14:16:25,GBPUSD,BUY,0.01,1.26639,0,0,339211,339211,10009,
2025-08-12 14:16:29,USDJPY,BUY,0.01,149.733,0,0,344227,344227,10009,
2025-08-12 14:16:47,EURUSD,BUY,0.01,1.08463,0,0,638882,638882,10009,
2025-08-12 14:16:50,GBPUSD,BUY,0.01,1.26241,0,0,750193,750193,10009,
2025-08-12 14:16:54,USDJPY,SELL,0.01,149.81,0,0,465107,465107,10009,
2025-08-12 14:17:14,GBPUSD,BUY,0.01,1.26514,0,0,213487,213487,10009,
2025-08-12 14:17:17,USDJPY,SELL,0.01,149.615,0,0,717303,717303,10009,
2025-08-12 14:17:40,USDJPY,SELL,0.01,149.309,0,0,206810,206810,10009,
2025-08-12 14:17:59,EURUSD,SELL,0.01,1.08596,0,0,825306,825306,10009,
2025-08-12 14:18:02,GBPUSD,SELL,0.01,1.26526,0,0,462302,462302,10009,
2025-08-12 14:18:22,EURUSD,BUY,0.01,1.086,0,0,498892,498892,10009,
2025-08-12 14:18:28,USDJPY,SELL,0.01,149.274,0,0,865860,865860,10009,
2025-08-12 14:18:49,GBPUSD,BUY,0.01,1.26696,0,0,293178,293178,10009,
2025-08-12 14:19:09,EURUSD,BUY,0.01,1.08328,0,0,523135,523135,10009,
2025-08-12 14:19:13,GBPUSD,BUY,0.01,1.26586,0,0,878466,878466,10009,
2025-08-12 14:19:34,EURUSD,BUY,0.01,1.08593,0,0,248250,248250,10009,
2025-08-12 14:19:37,GBPUSD,SELL,0.01,1.26487,0,0,914387,914387,10009,
2025-08-12 14:19:40,USDJPY,SELL,0.01,148.686,0,0,386556,386556,10009,
2025-08-12 14:20:01,GBPUSD,SELL,0.01,1.26505,0,0,583985,583985,10009,
2025-08-12 14:20:04,USDJPY,BUY,0.01,148.669,0,0,528680,528680,10009,
2025-08-12 14:20:23,EURUSD,BUY,0.01,1.08625,0,0,217280,217280,10009,
2025-08-12 14:20:46,EURUSD,BUY,0.01,1.08599,0,0,234870,234870,10009,
2025-08-12 14:20:49,GBPUSD,BUY,0.01,1.2662,0,0,735913,735913,10009,
2025-08-12 14:20:53,USDJPY,BUY,0.01,148.927,0,0,135978,135978,10009,
2025-08-12 14:21:11,EURUSD,BUY,0.01,1.08501,0,0,168767,168767,10009,
2025-08-12 14:21:14,GBPUSD,BUY,0.01,1.26394,0,0,995451,995451,10009,
2025-08-12 14:21:35,EURUSD,SELL,0.01,1.08461,0,0,944208,944208,10009,
2025-08-12 14:21:40,USDJPY,BUY,0.01,148.668,0,0,327415,327415,10009,
2025-08-12 14:22:03,USDJPY,BUY,0.01,148.411,0,0,596156,596156,10009,
2025-08-12 14:22:22,EURUSD,BUY,0.01,1.08545,0,0,447445,447445,10009,
2025-08-12 14:22:25,GBPUSD,BUY,0.01,1.26418,0,0,745449,745449,10009,
2025-08-12 14:22:29,USDJPY,BUY,0.01,148.389,0,0,132364,132364,10009,
2025-08-12 14:22:47,EURUSD,SELL,0.01,1.08692,0,0,396649,396649,10009,
2025-08-12 14:22:50,GBPUSD,SELL,0.01,1.26658,0,0,952324,952324,10009,
2025-08-12 14:22:54,USDJPY,SELL,0.01,148.218,0,0,709591,709591,10009,
2025-08-12 14:23:12,EURUSD,BUY,0.01,1.08398,0,0,200738,200738,10009,
2025-08-12 14:23:15,GBPUSD,SELL,0.01,1.26462,0,0,149737,149737,10009,
2025-08-12 14:23:36,EURUSD,BUY,0.01,1.08234,0,0,243503,243503,10009,
2025-08-12 14:23:39,GBPUSD,SELL,0.01,1.26391,0,0,650600,650600,10009,
2025-08-12 14:23:43,USDJPY,SELL,0.01,148.358,0,0,927038,927038,10009,
2025-08-12 14:24:03,GBPUSD,BUY,0.01,1.26558,0,0,178518,178518,10009,
2025-08-12 14:24:06,USDJPY,BUY,0.01,147.973,0,0,571838,571838,10009,
2025-08-12 14:24:27,GBPUSD,BUY,0.01,1.26345,0,0,775115,775115,10009,
2025-08-12 14:24:50,GBPUSD,SELL,0.01,1.26559,0,0,545031,545031,10009,
2025-08-12 14:36:42,EURUSD,BUY,0.01,1.08512,0,0,367918,367918,10009,
2025-08-12 14:36:45,GBPUSD,BUY,0.01,1.26706,0,0,323862,323862,10009,
2025-08-12 14:36:49,USDJPY,SELL,0.01,149.527,0,0,859603,859603,10009,
2025-08-12 14:37:07,EURUSD,SELL,0.01,1.08647,0,0,258278,258278,10009,
2025-08-12 14:37:11,GBPUSD,BUY,0.01,1.2691,0,0,817588,817588,10009,
2025-08-12 14:37:14,USDJPY,SELL,0.01,149.53,0,0,957927,957927,10009,
2025-08-12 14:37:32,EURUSD,SELL,0.01,1.08717,0,0,497735,497735,10009,
2025-08-12 14:37:38,USDJPY,BUY,0.01,149.509,0,0,841688,841688,10009,
2025-08-12 14:37:56,EURUSD,SELL,0.01,1.08672,0,0,275920,275920,10009,
2025-08-12 14:38:00,GBPUSD,BUY,0.01,1.26877,0,0,528453,528453,10009,
2025-08-12 14:38:04,USDJPY,BUY,0.01,149.453,0,0,796929,796929,10009,
2025-08-12 14:38:25,EURUSD,BUY,0.01,1.08763,0,0,724144,724144,10009,
2025-08-12 14:38:28,GBPUSD,BUY,0.01,1.26718,0,0,618248,618248,10009,
2025-08-12 14:38:50,EURUSD,SELL,0.01,1.0874,0,0,147078,147078,10009,
2025-08-12 14:38:53,GBPUSD,BUY,0.01,1.26657,0,0,233837,233837,10009,
2025-08-12 14:39:13,EURUSD,BUY,0.01,1.08717,0,0,400292,400292,10009,
2025-08-12 14:39:19,USDJPY,SELL,0.01,149.312,0,0,382418,382418,10009,
2025-08-12 14:39:37,EURUSD,BUY,0.01,1.0853,0,0,385175,385175,10009,
2025-08-12 14:39:40,GBPUSD,BUY,0.01,1.26526,0,0,375425,375425,10009,
2025-08-12 14:39:44,USDJPY,SELL,0.01,149.793,0,0,374603,374603,10009,
2025-08-12 14:40:05,GBPUSD,BUY,0.01,1.26805,0,0,314938,314938,10009,
2025-08-12 14:40:08,USDJPY,BUY,0.01,150.056,0,0,547115,547115,10009,
2025-08-12 14:40:53,USDJPY,BUY,0.01,150.215,0,0,225680,225680,10009,
2025-08-12 14:41:13,GBPUSD,BUY,0.01,1.26824,0,0,211803,211803,10009,
2025-08-12 14:41:17,USDJPY,SELL,0.01,150.212,0,0,871696,871696,10009,
2025-08-12 14:41:35,EURUSD,SELL,0.01,1.08605,0,0,463803,463803,10009,
2025-08-12 14:41:38,GBPUSD,BUY,0.01,1.26983,0,0,195661,195661,10009,
2025-08-12 14:41:41,USDJPY,BUY,0.01,150.18,0,0,387180,387180,10009,
2025-08-12 14:42:00,EURUSD,BUY,0.01,1.08656,0,0,989338,989338,10009,
2025-08-12 14:42:24,GBPUSD,BUY,0.01,1.27178,0,0,209471,209471,10009,
2025-08-12 14:42:28,USDJPY,BUY,0.01,150.198,0,0,935847,935847,10009,
2025-08-12 14:42:46,EURUSD,BUY,0.01,1.08737,0,0,658687,658687,10009,
2025-08-12 14:42:49,GBPUSD,SELL,0.01,1.27195,0,0,319592,319592,10009,
2025-08-12 14:42:53,USDJPY,BUY,0.01,149.746,0,0,574995,574995,10009,
2025-08-12 14:43:11,EURUSD,SELL,0.01,1.08625,0,0,901735,901735,10009,
2025-08-12 14:43:15,GBPUSD,BUY,0.01,1.27441,0,0,886352,886352,10009,
2025-08-12 14:43:37,GBPUSD,BUY,0.01,1.27552,0,0,375474,375474,10009,
2025-08-12 14:44:01,GBPUSD,BUY,0.01,1.27628,0,0,980832,980832,10009,
2025-08-12 14:44:22,EURUSD,BUY,0.01,1.08562,0,0,516311,516311,10009,
2025-08-12 14:44:27,USDJPY,BUY,0.01,149.703,0,0,712597,712597,10009,
2025-08-12 14:44:45,EURUSD,BUY,0.01,1.08476,0,0,525170,525170,10009,
2025-08-12 14:44:49,GBPUSD,SELL,0.01,1.27733,0,0,884050,884050,10009,
2025-08-12 14:44:52,USDJPY,BUY,0.01,149.368,0,0,763469,763469,10009,
2025-08-12 14:45:15,USDJPY,BUY,0.01,149.329,0,0,884765,884765,10009,
2025-08-12 14:45:34,EURUSD,SELL,0.01,1.08156,0,0,340287,340287,10009,
2025-08-12 14:45:37,GBPUSD,BUY,0.01,1.27921,0,0,775357,775357,10009,
2025-08-12 14:45:58,EURUSD,SELL,0.01,1.08351,0,0,195374,195374,10009,
2025-08-12 14:46:01,GBPUSD,SELL,0.01,1.27783,0,0,891490,891490,10009,
2025-08-12 14:46:22,EURUSD,BUY,0.01,1.08422,0,0,808412,808412,10009,
2025-08-12 14:46:25,GBPUSD,BUY,0.01,1.27739,0,0,383781,383781,10009,
2025-08-12 14:46:29,USDJPY,BUY,0.01,149.527,0,0,244478,244478,10009,
2025-08-12 14:46:47,EURUSD,BUY,0.01,1.08143,0,0,970353,970353,10009,
2025-08-12 14:46:53,USDJPY,BUY,0.01,149.965,0,0,428591,428591,10009,
2025-08-12 14:47:11,EURUSD,SELL,0.01,1.08213,0,0,687583,687583,10009,
2025-08-12 14:47:14,GBPUSD,SELL,0.01,1.27835,0,0,396082,396082,10009,
2025-08-12 14:47:35,EURUSD,BUY,0.01,1.08402,0,0,700297,700297,10009,
2025-08-12 14:47:40,USDJPY,BUY,0.01,149.826,0,0,618367,618367,10009,
2025-08-12 14:48:01,GBPUSD,SELL,0.01,1.28063,0,0,805361,805361,10009,
2025-08-12 14:48:04,USDJPY,SELL,0.01,149.808,0,0,864793,864793,10009,
2025-08-12 14:48:23,EURUSD,BUY,0.01,1.08286,0,0,554610,554610,10009,
2025-08-12 14:48:26,GBPUSD,BUY,0.01,1.27948,0,0,293151,293151,10009,
2025-08-12 14:48:30,USDJPY,BUY,0.01,149.714,0,0,642621,642621,10009,
2025-08-12 14:48:48,EURUSD,SELL,0.01,1.08265,0,0,134664,134664,10009,
2025-08-12 14:49:13,GBPUSD,BUY,0.01,1.27937,0,0,236016,236016,10009,
2025-08-12 14:49:34,EURUSD,SELL,0.01,1.08309,0,0,731504,731504,10009,
2025-08-12 14:49:37,GBPUSD,BUY,0.01,1.27842,0,0,253649,253649,10009,
2025-08-12 14:49:58,EURUSD,BUY,0.01,1.08124,0,0,185533,185533,10009,
2025-08-12 14:50:01,GBPUSD,SELL,0.01,1.27883,0,0,724998,724998,10009,
2025-08-12 14:50:05,USDJPY,BUY,0.01,149.676,0,0,937348,937348,10009,
2025-08-12 14:50:23,EURUSD,SELL,0.01,1.08112,0,0,726557,726557,10009,
2025-08-12 14:50:27,GBPUSD,BUY,0.01,1.27836,0,0,770681,770681,10009,
2025-08-12 14:50:50,GBPUSD,SELL,0.01,1.27953,0,0,910908,910908,10009,
2025-08-12 14:51:10,EURUSD,SELL,0.01,1.0828,0,0,972836,972836,10009,
2025-08-12 14:51:14,GBPUSD,SELL,0.01,1.28144,0,0,588724,588724,10009,
2025-08-12 14:51:35,EURUSD,SELL,0.01,1.08069,0,0,583029,583029,10009,
2025-08-12 14:51:38,GBPUSD,BUY,0.01,1.28472,0,0,753794,753794,10009,
2025-08-12 14:51:41,USDJPY,SELL,0.01,149.695,0,0,785441,785441,10009,
2025-08-12 14:52:00,EURUSD,BUY,0.01,1.07871,0,0,425985,425985,10009,
2025-08-12 14:52:03,GBPUSD,SELL,0.01,1.28641,0,0,788398,788398,10009,
2025-08-12 14:52:07,USDJPY,SELL,0.01,149.749,0,0,310071,310071,10009,
2025-08-12 14:52:28,GBPUSD,BUY,0.01,1.28643,0,0,454537,454537,10009,
2025-08-12 14:52:31,USDJPY,BUY,0.01,149.699,0,0,629553,629553,10009,
2025-08-12 14:52:52,GBPUSD,SELL,0.01,1.28533,0,0,436644,436644,10009,
2025-08-12 14:52:55,USDJPY,BUY,0.01,149.384,0,0,349437,349437,10009,
2025-08-12 14:53:14,EURUSD,BUY,0.01,1.0751,0,0,821976,821976,10009,
2025-08-12 14:53:17,GBPUSD,SELL,0.01,1.28511,0,0,662419,662419,10009,
2025-08-12 14:53:21,USDJPY,BUY,0.01,149.412,0,0,121164,121164,10009,
2025-08-12 14:53:44,USDJPY,SELL,0.01,149.193,0,0,118540,118540,10009,
2025-08-12 14:54:02,EURUSD,SELL,0.01,1.07758,0,0,743350,743350,10009,
2025-08-12 14:54:05,GBPUSD,SELL,0.01,1.28668,0,0,413210,413210,10009,
2025-08-12 14:54:09,USDJPY,SELL,0.01,149.431,0,0,491327,491327,10009,
2025-08-12 14:54:29,GBPUSD,BUY,0.01,1.28704,0,0,424639,424639,10009,
2025-08-12 14:54:33,USDJPY,BUY,0.01,149.265,0,0,168370,168370,10009,
2025-08-12 14:54:51,EURUSD,BUY,0.01,1.0754,0,0,706989,706989,10009,
2025-08-12 14:54:54,GBPUSD,BUY,0.01,1.28371,0,0,169158,169158,10009,
2025-08-12 14:54:58,USDJPY,SELL,0.01,149.032,0,0,565289,565289,10009,
2025-08-12 14:55:18,GBPUSD,BUY,0.01,1.28539,0,0,179284,179284,10009,
2025-08-12 14:55:22,USDJPY,SELL,0.01,149.066,0,0,745641,745641,10009,
2025-08-12 14:55:40,EURUSD,SELL,0.01,1.07456,0,0,704864,704864,10009,
2025-08-12 14:56:05,GBPUSD,BUY,0.01,1.28058,0,0,933472,933472,10009,
2025-08-12 14:56:25,EURUSD,SELL,0.01,1.07291,0,0,486505,486505,10009,
2025-08-12 14:56:29,GBPUSD,BUY,0.01,1.27784,0,0,518681,518681,10009,
2025-08-12 14:56:32,USDJPY,SELL,0.01,148.943,0,0,988390,988390,10009,
2025-08-12 14:56:50,EURUSD,BUY,0.01,1.07262,0,0,890186,890186,10009,
2025-08-12 14:56:54,GBPUSD,BUY,0.01,1.27572,0,0,320736,320736,10009,
2025-08-12 14:56:57,USDJPY,SELL,0.01,149.221,0,0,929202,929202,10009,
2025-08-12 14:57:16,EURUSD,BUY,0.01,1.07083,0,0,722990,722990,10009,
2025-08-12 14:57:19,GBPUSD,BUY,0.01,1.27593,0,0,514445,514445,10009,
2025-08-12 14:57:22,USDJPY,SELL,0.01,149.032,0,0,312570,312570,10009,
2025-08-12 14:57:41,EURUSD,BUY,0.01,1.07129,0,0,991511,991511,10009,
2025-08-12 14:57:46,USDJPY,BUY,0.01,148.981,0,0,264779,264779,10009,
2025-08-12 14:58:09,USDJPY,BUY,0.01,148.781,0,0,332838,332838,10009,
2025-08-12 14:58:28,EURUSD,SELL,0.01,1.07051,0,0,571321,571321,10009,
2025-08-12 14:58:33,USDJPY,BUY,0.01,148.852,0,0,530237,530237,10009,
2025-08-12 14:58:54,GBPUSD,SELL,0.01,1.27838,0,0,563508,563508,10009,
2025-08-12 14:58:57,USDJPY,BUY,0.01,149.189,0,0,559797,559797,10009,
2025-08-12 14:59:16,EURUSD,SELL,0.01,1.07019,0,0,448713,448713,10009,
2025-08-12 14:59:19,GBPUSD,SELL,0.01,1.28132,0,0,411616,411616,10009,
2025-08-12 14:59:22,USDJPY,BUY,0.01,149.166,0,0,469890,469890,10009,
2025-08-12 14:59:41,EURUSD,SELL,0.01,1.07078,0,0,154225,154225,10009,
2025-08-12 14:59:44,GBPUSD,SELL,0.01,1.28357,0,0,509336,509336,10009,
2025-08-12 15:00:05,EURUSD,BUY,0.01,1.06996,0,0,906023,906023,10009,
2025-08-12 15:00:08,GBPUSD,BUY,0.01,1.28531,0,0,518174,518174,10009,
2025-08-12 15:00:11,USDJPY,SELL,0.01,149.207,0,0,485454,485454,10009,
2025-08-12 15:00:30,EURUSD,SELL,0.01,1.07023,0,0,454466,454466,10009,
2025-08-12 15:00:34,GBPUSD,SELL,0.01,1.28121,0,0,738342,738342,10009,
2025-08-12 15:00:59,USDJPY,BUY,0.01,149.401,0,0,753701,753701,10009,
2025-08-12 15:01:17,EURUSD,SELL,0.01,1.07026,0,0,247406,247406,10009,
2025-08-12 15:01:21,GBPUSD,BUY,0.01,1.28355,0,0,501742,501742,10009,
2025-08-12 15:01:24,USDJPY,BUY,0.01,149.558,0,0,957572,957572,10009,
2025-08-12 15:01:43,EURUSD,SELL,0.01,1.06991,0,0,220461,220461,10009,
2025-08-12 15:01:46,GBPUSD,SELL,0.01,1.28286,0,0,692135,692135,10009,
2025-08-12 15:01:49,USDJPY,SELL,0.01,149.523,0,0,429740,429740,10009,
2025-08-12 15:02:12,USDJPY,BUY,0.01,150.108,0,0,190894,190894,10009,
2025-08-12 15:02:31,EURUSD,BUY,0.01,1.0724,0,0,129391,129391,10009,
2025-08-12 15:02:34,GBPUSD,SELL,0.01,1.2803,0,0,221843,221843,10009,
2025-08-12 15:02:37,USDJPY,SELL,0.01,150.443,0,0,932618,932618,10009,
2025-08-12 15:02:59,GBPUSD,SELL,0.01,1.27816,0,0,632257,632257,10009,
2025-08-12 15:03:02,USDJPY,SELL,0.01,150.736,0,0,843275,843275,10009,
2025-08-12 15:03:20,EURUSD,SELL,0.01,1.07121,0,0,161688,161688,10009,
2025-08-12 15:03:24,GBPUSD,SELL,0.01,1.27676,0,0,763472,763472,10009,
2025-08-12 15:03:27,USDJPY,BUY,0.01,150.853,0,0,697486,697486,10009,
2025-08-12 15:03:46,EURUSD,BUY,0.01,1.07031,0,0,818867,818867,10009,
2025-08-12 15:04:09,EURUSD,SELL,0.01,1.06855,0,0,848793,848793,10009,
2025-08-12 15:04:12,GBPUSD,SELL,0.01,1.27555,0,0,533028,533028,10009,
2025-08-12 15:04:33,EURUSD,BUY,0.01,1.06931,0,0,636356,636356,10009,
2025-08-12 15:05:00,USDJPY,BUY,0.01,151.146,0,0,669989,669989,10009,
2025-08-12 15:05:18,EURUSD,BUY,0.01,1.07204,0,0,129233,129233,10009,
2025-08-12 15:05:22,GBPUSD,SELL,0.01,1.27743,0,0,948417,948417,10009,
2025-08-12 15:05:25,USDJPY,SELL,0.01,151.315,0,0,177357,177357,10009,
2025-08-12 15:05:43,EURUSD,BUY,0.01,1.07318,0,0,931338,931338,10009,
2025-08-12 15:06:06,EURUSD,SELL,0.01,1.07232,0,0,205788,205788,10009,
2025-08-12 15:06:10,GBPUSD,SELL,0.01,1.27483,0,0,139855,139855,10009,
2025-08-12 15:06:13,USDJPY,SELL,0.01,151.611,0,0,510388,510388,10009,
2025-08-12 15:06:32,EURUSD,SELL,0.01,1.07213,0,0,489312,489312,10009,
2025-08-12 15:06:35,GBPUSD,BUY,0.01,1.27696,0,0,399908,399908,10009,
2025-08-12 15:06:56,EURUSD,BUY,0.01,1.07224,0,0,590167,590167,10009,
2025-08-12 15:06:59,GBPUSD,BUY,0.01,1.27742,0,0,576786,576786,10009,
2025-08-12 15:07:03,USDJPY,BUY,0.01,151.673,0,0,793063,793063,10009,
2025-08-12 15:07:21,EURUSD,BUY,0.01,1.07197,0,0,136573,136573,10009,
2025-08-12 15:07:44,EURUSD,BUY,0.01,1.07181,0,0,488294,488294,10009,
2025-08-12 15:07:47,GBPUSD,BUY,0.01,1.27603,0,0,917814,917814,10009,
2025-08-12 15:08:30,EURUSD,BUY,0.01,1.07157,0,0,412211,412211,10009,
2025-08-12 15:08:34,GBPUSD,SELL,0.01,1.27798,0,0,412464,412464,10009,
2025-08-12 15:08:54,EURUSD,SELL,0.01,1.06978,0,0,822903,822903,10009,
2025-08-12 15:09:00,USDJPY,BUY,0.01,151.375,0,0,322979,322979,10009,
2025-08-12 15:09:19,EURUSD,BUY,0.01,1.0711,0,0,635450,635450,10009,
2025-08-12 15:09:44,GBPUSD,SELL,0.01,1.27778,0,0,687315,687315,10009,
2025-08-12 15:09:47,USDJPY,BUY,0.01,151.722,0,0,694072,694072,10009,
2025-08-12 15:10:06,EURUSD,SELL,0.01,1.06928,0,0,466734,466734,10009,
2025-08-12 15:10:09,GBPUSD,SELL,0.01,1.27891,0,0,601096,601096,10009,
2025-08-12 15:10:12,USDJPY,SELL,0.01,151.877,0,0,705537,705537,10009,
2025-08-12 15:10:30,EURUSD,SELL,0.01,1.06927,0,0,827557,827557,10009,
2025-08-12 15:10:34,GBPUSD,BUY,0.01,1.27851,0,0,421887,421887,10009,
2025-08-12 15:10:37,USDJPY,SELL,0.01,151.967,0,0,177424,177424,10009,
2025-08-12 15:10:56,EURUSD,BUY,0.01,1.0686,0,0,254326,254326,10009,
2025-08-12 15:10:59,GBPUSD,BUY,0.01,1.27497,0,0,861668,861668,10009,
2025-08-12 15:11:20,EURUSD,SELL,0.01,1.06817,0,0,222015,222015,10009,
2025-08-12 15:11:23,GBPUSD,BUY,0.01,1.2741,0,0,820523,820523,10009,
2025-08-12 15:11:26,USDJPY,SELL,0.01,151.747,0,0,986490,986490,10009,
2025-08-12 15:11:33,EURUSD,BUY,0.01,1.08466,0,0,270554,270554,10009,
2025-08-12 15:12:19,EURUSD,SELL,0.01,1.08245,0,0,282749,282749,10009,
2025-08-12 15:12:23,GBPUSD,SELL,0.01,1.26313,0,0,979300,979300,10009,
2025-08-12 15:12:43,EURUSD,SELL,0.01,1.08154,0,0,193084,193084,10009,
2025-08-12 15:12:47,GBPUSD,BUY,0.01,1.26393,0,0,394510,394510,10009,
2025-08-12 15:13:10,GBPUSD,SELL,0.01,1.26572,0,0,262398,262398,10009,
2025-08-12 15:13:14,USDJPY,BUY,0.01,149.749,0,0,452220,452220,10009,
2025-08-12 15:13:36,USDJPY,SELL,0.01,149.767,0,0,971398,971398,10009,
2025-08-12 15:13:55,EURUSD,BUY,0.01,1.08494,0,0,321116,321116,10009,
2025-08-12 15:14:01,USDJPY,SELL,0.01,149.466,0,0,807715,807715,10009,
2025-08-12 15:14:19,EURUSD,SELL,0.01,1.08484,0,0,506354,506354,10009,
2025-08-12 15:14:45,GBPUSD,BUY,0.01,1.27002,0,0,117443,117443,10009,
2025-08-12 15:14:48,USDJPY,SELL,0.01,149.322,0,0,851249,851249,10009,
2025-08-12 15:15:06,EURUSD,SELL,0.01,1.08389,0,0,189399,189399,10009,
2025-08-12 15:15:12,USDJPY,BUY,0.01,149.155,0,0,854998,854998,10009,
2025-08-12 15:15:31,EURUSD,BUY,0.01,1.08227,0,0,288838,288838,10009,
2025-08-12 15:15:34,GBPUSD,SELL,0.01,1.26891,0,0,967036,967036,10009,
2025-08-12 15:15:55,EURUSD,BUY,0.01,1.08206,0,0,320180,320180,10009,
2025-08-12 15:15:59,GBPUSD,SELL,0.01,1.26912,0,0,561053,561053,10009,
2025-08-12 15:16:02,USDJPY,BUY,0.01,149.51,0,0,613814,613814,10009,
2025-08-12 15:16:20,EURUSD,BUY,0.01,1.08225,0,0,578115,578115,10009,
2025-08-12 15:16:24,GBPUSD,SELL,0.01,1.26764,0,0,757583,757583,10009,
2025-08-12 15:16:44,EURUSD,SELL,0.01,1.08448,0,0,426466,426466,10009,
2025-08-12 15:16:48,GBPUSD,SELL,0.01,1.26889,0,0,303003,303003,10009,
2025-08-12 15:16:52,USDJPY,BUY,0.01,149.47,0,0,624830,624830,10009,
2025-08-12 15:17:15,USDJPY,BUY,0.01,149.886,0,0,213772,213772,10009,
2025-08-12 15:17:35,GBPUSD,BUY,0.01,1.26869,0,0,678458,678458,10009,
2025-08-12 15:17:38,USDJPY,BUY,0.01,149.833,0,0,905854,905854,10009,
2025-08-12 15:17:59,GBPUSD,SELL,0.01,1.26852,0,0,878106,878106,10009,
2025-08-12 15:18:03,USDJPY,BUY,0.01,150.079,0,0,201735,201735,10009,
2025-08-12 15:18:23,GBPUSD,BUY,0.01,1.26773,0,0,564102,564102,10009,
2025-08-12 15:18:27,USDJPY,BUY,0.01,149.896,0,0,172007,172007,10009,
2025-08-12 15:18:47,GBPUSD,BUY,0.01,1.26826,0,0,559496,559496,10009,
2025-08-12 15:19:08,EURUSD,SELL,0.01,1.08759,0,0,544825,544825,10009,
2025-08-12 15:19:12,GBPUSD,SELL,0.01,1.26958,0,0,394089,394089,10009,
2025-08-12 15:19:15,USDJPY,SELL,0.01,149.693,0,0,137069,137069,10009,
2025-08-12 15:19:39,USDJPY,BUY,0.01,149.56,0,0,575204,575204,10009,
2025-08-12 15:20:00,GBPUSD,SELL,0.01,1.26958,0,0,680259,680259,10009,
2025-08-12 15:20:03,USDJPY,BUY,0.01,149.429,0,0,861152,861152,10009,
2025-08-12 15:20:21,EURUSD,SELL,0.01,1.08678,0,0,410069,410069,10009,
2025-08-12 15:20:24,EURUSD,BUY,0.01,1.08369,0,0,180647,180647,10009,
2025-08-12 15:20:30,USDJPY,SELL,0.01,149.491,0,0,224369,224369,10009,
2025-08-12 15:20:49,EURUSD,SELL,0.01,1.08203,0,0,398627,398627,10009,
2025-08-12 15:20:55,USDJPY,BUY,0.01,149.872,0,0,969344,969344,10009,
2025-08-12 15:21:13,EURUSD,BUY,0.01,1.08388,0,0,870532,870532,10009,
2025-08-12 15:21:17,GBPUSD,BUY,0.01,1.26477,0,0,233708,233708,10009,
2025-08-12 15:21:20,USDJPY,SELL,0.01,149.679,0,0,331481,331481,10009,
2025-08-12 15:21:39,EURUSD,BUY,0.01,1.08298,0,0,598367,598367,10009,
2025-08-12 15:21:42,GBPUSD,BUY,0.01,1.26726,0,0,320215,320215,10009,
2025-08-12 15:22:05,GBPUSD,SELL,0.01,1.26716,0,0,151441,151441,10009,
2025-08-12 15:22:08,USDJPY,SELL,0.01,149.379,0,0,616619,616619,10009,
2025-08-12 15:22:27,EURUSD,SELL,0.01,1.08386,0,0,756953,756953,10009,
2025-08-12 15:22:50,EURUSD,SELL,0.01,1.085,0,0,843053,843053,10009,
2025-08-12 15:22:56,USDJPY,SELL,0.01,149.1,0,0,203095,203095,10009,
2025-08-12 15:23:14,EURUSD,BUY,0.01,1.08513,0,0,834619,834619,10009,
2025-08-12 15:23:17,GBPUSD,BUY,0.01,1.26859,0,0,814750,814750,10009,
2025-08-12 15:23:38,EURUSD,BUY,0.01,1.08377,0,0,440695,440695,10009,
2025-08-12 15:23:44,USDJPY,SELL,0.01,149.295,0,0,695435,695435,10009,
2025-08-12 15:23:48,EURUSD,BUY,0.01,1.08471,0,0,413667,413667,10009,
2025-08-12 15:23:52,GBPUSD,BUY,0.01,1.26558,0,0,445903,445903,10009,
2025-08-12 15:24:15,GBPUSD,SELL,0.01,1.26373,0,0,831077,831077,10009,
2025-08-12 15:24:18,USDJPY,SELL,0.01,149.204,0,0,372950,372950,10009,
2025-08-12 15:24:37,EURUSD,SELL,0.01,1.08591,0,0,390713,390713,10009,
2025-08-12 15:24:40,GBPUSD,BUY,0.01,1.2632,0,0,205964,205964,10009,
2025-08-12 15:25:01,EURUSD,BUY,0.01,1.08573,0,0,452140,452140,10009,
2025-08-12 15:25:04,GBPUSD,SELL,0.01,1.26189,0,0,245774,245774,10009,
2025-08-12 15:25:08,USDJPY,BUY,0.01,149.563,0,0,113395,113395,10009,
2025-08-12 15:25:26,EURUSD,SELL,0.01,1.08389,0,0,486766,486766,10009,
2025-08-12 15:25:29,GBPUSD,BUY,0.01,1.26206,0,0,194595,194595,10009,
2025-08-12 15:25:33,USDJPY,BUY,0.01,149.265,0,0,421955,421955,10009,
2025-08-12 15:25:54,GBPUSD,SELL,0.01,1.26238,0,0,246873,246873,10009,
2025-08-12 15:25:57,USDJPY,BUY,0.01,149.093,0,0,621458,621458,10009,
2025-08-12 15:26:16,EURUSD,BUY,0.01,1.08665,0,0,383695,383695,10009,
2025-08-12 15:26:21,USDJPY,SELL,0.01,149.033,0,0,340580,340580,10009,
2025-08-12 15:27:01,EURUSD,BUY,0.01,1.0859,0,0,729328,729328,10009,
2025-08-12 15:27:07,USDJPY,BUY,0.01,148.868,0,0,636890,636890,10009,
2025-08-12 15:27:28,GBPUSD,BUY,0.01,1.26098,0,0,209389,209389,10009,
2025-08-12 15:27:48,EURUSD,BUY,0.01,1.08774,0,0,694283,694283,10009,
2025-08-12 15:27:54,USDJPY,BUY,0.01,149.113,0,0,708746,708746,10009,
2025-08-12 15:28:13,EURUSD,SELL,0.01,1.08648,0,0,908756,908756,10009,
2025-08-12 15:28:16,GBPUSD,BUY,0.01,1.26211,0,0,333668,333668,10009,
2025-08-12 15:28:41,USDJPY,SELL,0.01,149.303,0,0,592047,592047,10009,
2025-08-12 15:29:00,EURUSD,SELL,0.01,1.0838,0,0,377209,377209,10009,
2025-08-12 15:29:03,GBPUSD,BUY,0.01,1.26225,0,0,683781,683781,10009,
2025-08-12 15:29:06,USDJPY,BUY,0.01,149.359,0,0,652414,652414,10009,
2025-08-12 15:29:27,GBPUSD,BUY,0.01,1.26192,0,0,486163,486163,10009,
2025-08-12 15:29:48,EURUSD,BUY,0.01,1.08345,0,0,130230,130230,10009,
2025-08-12 15:29:51,GBPUSD,BUY,0.01,1.26108,0,0,288765,288765,10009,
2025-08-12 15:30:12,EURUSD,BUY,0.01,1.08183,0,0,812588,812588,10009,
2025-08-12 15:30:18,USDJPY,BUY,0.01,149.174,0,0,324276,324276,10009,
2025-08-12 15:30:36,EURUSD,SELL,0.01,1.08288,0,0,862082,862082,10009,
2025-08-12 15:30:40,GBPUSD,BUY,0.01,1.25944,0,0,477628,477628,10009,
2025-08-12 15:30:43,USDJPY,BUY,0.01,149.45,0,0,590601,590601,10009,
2025-08-12 15:31:02,EURUSD,SELL,0.01,1.08269,0,0,299958,299958,10009,
2025-08-12 15:31:05,GBPUSD,SELL,0.01,1.25847,0,0,209030,209030,10009,
2025-08-12 15:31:28,GBPUSD,BUY,0.01,1.26015,0,0,513114,513114,10009,
2025-08-12 15:31:49,EURUSD,BUY,0.01,1.08342,0,0,890517,890517,10009,
2025-08-12 15:31:54,USDJPY,BUY,0.01,149.686,0,0,242669,242669,10009,
2025-08-12 15:32:13,EURUSD,BUY,0.01,1.08593,0,0,212540,212540,10009,
2025-08-12 15:32:16,GBPUSD,SELL,0.01,1.2603,0,0,238538,238538,10009,
2025-08-12 15:32:20,USDJPY,BUY,0.01,149.87,0,0,192816,192816,10009,
2025-08-12 15:32:41,GBPUSD,BUY,0.01,1.26085,0,0,856951,856951,10009,
2025-08-12 15:32:44,USDJPY,SELL,0.01,149.65,0,0,467342,467342,10009,
2025-08-12 15:33:03,EURUSD,SELL,0.01,1.08587,0,0,635248,635248,10009,
2025-08-12 15:33:08,USDJPY,BUY,0.01,150.014,0,0,291941,291941,10009,
2025-08-12 15:33:31,USDJPY,BUY,0.01,150.302,0,0,435555,435555,10009,
2025-08-12 15:33:54,USDJPY,SELL,0.01,150.238,0,0,338298,338298,10009,
2025-08-12 15:34:13,EURUSD,SELL,0.01,1.08502,0,0,452016,452016,10009,
2025-08-12 15:34:16,GBPUSD,BUY,0.01,1.2623,0,0,949446,949446,10009,
2025-08-12 15:34:19,USDJPY,SELL,0.01,150.14,0,0,542976,542976,10009,
2025-08-12 15:34:40,GBPUSD,SELL,0.01,1.26412,0,0,161180,161180,10009,
2025-08-12 15:34:48,GBPUSD,BUY,0.01,1.2642,0,0,627260,627260,10009,
2025-08-12 15:35:08,EURUSD,SELL,0.01,1.08413,0,0,648524,648524,10009,
2025-08-12 15:35:14,USDJPY,BUY,0.01,149.745,0,0,836826,836826,10009,
